file,timepoint,condition, replicate
240418/240418_1100_yATP_A6_YPD.csv,0h,YPD,rep2
240423/240423_1245_yATP_A10_YPD.csv,0h,YPD,rep3
240417/240417_1400_yATP_A1_PRO.csv,2h,Pro,rep1
240417/240417_1400_yATP_A2_GLN.csv,2h,Gln,rep1
240417/240417_1400_yATP_A3_GLU.csv,2h,Glu,rep1
240417/240417_1400_yATP_A4_NH4.csv,2h,Nh4,rep1
240417/240417_1400_yATP_A5_UREA.csv,2h,Urea,rep1
240417/240417_1400_yATP_A6_ALA.csv,2h,Ala,rep1
240417/240417_1400_yATP_A7_ASP.csv,2h,Asp,rep1
240417/240417_1400_yATP_A8_TRP.csv,2h,Trp,rep1
240417/240417_1400_yATP_A9_MET.csv,2h,Met,rep1
240417/240417_1400_yATP_A10_PHE.csv,2h,Phe,rep1
240417/240417_1400_yATP_A11_ARG.csv,2h,Arg,rep1
240417/240417_1400_yATP_A12_NSTARVE.csv,2h,None,rep1
240417/240417_1400_yATP_B1_HIS.csv,2h,His,rep1
240417/240417_1400_yATP_B2_THR.csv,2h,Thr,rep1
240417/240417_1400_yATP_B3_GLY.csv,2h,Gly,rep1
240417/240417_1400_yATP_B4_VAL.csv,2h,Val,rep1
240417/240417_1400_yATP_B5_LEU.csv,2h,Leu,rep1
240417/240417_1400_yATP_B6_CYS.csv,2h,Cys,rep1
240417/240417_1400_yATP_B7_ASN.csv,2h,Asn,rep1
240417/240417_1400_yATP_B8_ILE.csv,2h,Ile,rep1
240417/240417_1400_yATP_B9_TYR.csv,2h,Tyr,rep1
240417/240417_1400_yATP_B10_SER.csv,2h,Ser,rep1
240417/240417_1400_yATP_B11_GABA.csv,2h,Gaba,rep1
240417/240417_1400_yATP_B12_ORN.csv,2h,Orn,rep1
240417/240417_1600_yATP_C1_PRO.csv,4h,Pro,rep1
240417/240417_1600_yATP_C2_GLN.csv,4h,Gln,rep1
240417/240417_1600_yATP_C3_GLU.csv,4h,Glu,rep1
240417/240417_1600_yATP_C4_NH4.csv,4h,Nh4,rep1
240417/240417_1600_yATP_C5_UREA.csv,4h,Urea,rep1
240417/240417_1600_yATP_C6_ALA.csv,4h,Ala,rep1
240417/240417_1600_yATP_C7_ASP.csv,4h,Asp,rep1
240417/240417_1600_yATP_C8_TRP.csv,4h,Trp,rep1
240417/240417_1600_yATP_C9_MET.csv,4h,Met,rep1
240417/240417_1600_yATP_C10_PHE.csv,4h,Phe,rep1
240417/240417_1600_yATP_C11_ARG.csv,4h,Arg,rep1
240417/240417_1600_yATP_C12_NSTARVE.csv,4h,None,rep1
240417/240417_1600_yATP_D1_HIS.csv,4h,His,rep1
240417/240417_1600_yATP_D2_THR.csv,4h,Thr,rep1
240417/240417_1600_yATP_D3_GLY.csv,4h,Gly,rep1
240417/240417_1600_yATP_D4_VAL.csv,4h,Val,rep1
240417/240417_1600_yATP_D5_LEU.csv,4h,Leu,rep1
240417/240417_1600_yATP_D6_CYS.csv,4h,Cys,rep1
240417/240417_1600_yATP_D7_ASN.csv,4h,Asn,rep1
240417/240417_1600_yATP_D8_ILE.csv,4h,Ile,rep1
240417/240417_1600_yATP_D9_TYR.csv,4h,Tyr,rep1
240417/240417_1600_yATP_D10_SER.csv,4h,Ser,rep1
240417/240417_1600_yATP_D11_GABA.csv,4h,Gaba,rep1
240417/240417_1600_yATP_D12_ORN.csv,4h,Orn,rep1
240418/240418_1350_yATP_B12_PRO.csv,2h,Pro,rep2
240423/240423_1445_yATP_A1_PRO.csv,2h,Pro,rep3
240418/240418_1350_yATP_B11_GLN.csv,2h,Gln,rep2
240423/240423_1445_yATP_A2_GLN.csv,2h,Gln,rep3
240418/240418_1350_yATP_B10_GLU.csv,2h,Glu,rep2
240423/240423_1445_yATP_A3_GLU.csv,2h,Glu,rep3
240418/240418_1350_yATP_B9_NH4.csv,2h,Nh4,rep2
240423/240423_1445_yATP_A4_NH4.csv,2h,Nh4,rep3
240418/240418_1350_yATP_B8_UREA.csv,2h,Urea,rep2
240423/240423_1445_yATP_A5_UREA.csv,2h,Urea,rep3
240418/240418_1350_yATP_B7_ALA.csv,2h,Ala,rep2
240423/240423_1445_yATP_A6_ALA.csv,2h,Ala,rep3
240418/240418_1350_yATP_B6_ASP.csv,2h,Asp,rep2
240423/240423_1445_yATP_A7_ASP.csv,2h,Asp,rep3
240418/240418_1350_yATP_B5_TRP.csv,2h,Trp,rep2
240423/240423_1445_yATP_A8_TRP.csv,2h,Trp,rep3
240418/240418_1350_yATP_B4_MET.csv,2h,Met,rep2
240423/240423_1445_yATP_A9_MET.csv,2h,Met,rep3
240418/240418_1350_yATP_B3_PHE.csv,2h,Phe,rep2
240423/240423_1445_yATP_A10_PHE.csv,2h,Phe,rep3
240418/240418_1350_yATP_B2_ARG.csv,2h,Arg,rep2
240423/240423_1445_yATP_A11_ARG.csv,2h,Arg,rep3
240418/240418_1350_yATP_B1_LYS.csv,2h,Lys,rep2
240423/240423_1445_yATP_A12_LYS.csv,2h,Lys,rep3
240423/240423_1445_yATP_B1_HIS.csv,2h,His,rep3
240418/240418_1350_yATP_A11_THR.csv,2h,Thr,rep2
240418/240418_1350_yATP_A10_GLY.csv,2h,Gly,rep2
240423/240423_1445_yATP_B3_GLY.csv,2h,Gly,rep3
240418/240418_1350_yATP_A9_VAL.csv,2h,Val,rep2
240423/240423_1445_yATP_B4_VAL.csv,2h,Val,rep3
240418/240418_1350_yATP_A8_LEU.csv,2h,Leu,rep2
240423/240423_1445_yATP_B5_LEU.csv,2h,Leu,rep3
240418/240418_1350_yATP_A7_CYS.csv,2h,Cys,rep2
240423/240423_1445_yATP_B6_CYS.csv,2h,Cys,rep3
240418/240418_1350_yATP_A6_ASN.csv,2h,Asn,rep2
240423/240423_1445_yATP_B7_ASN.csv,2h,Asn,rep3
240418/240418_1350_yATP_A5_ILE.csv,2h,Ile,rep2
240423/240423_1445_yATP_B8_ILE.csv,2h,Ile,rep3
240418/240418_1350_yATP_A4_TYR.csv,2h,Tyr,rep2
240423/240423_1445_yATP_B9_TYR.csv,2h,Tyr,rep3
240418/240418_1350_yATP_A3_SER.csv,2h,Ser,rep2
240423/240423_1445_yATP_B10_SER.csv,2h,Ser,rep3
240418/240418_1350_yATP_A2_GABA.csv,2h,Gaba,rep2
240423/240423_1445_yATP_B11_GABA.csv,2h,Gaba,rep3
240418/240418_1350_yATP_A1_ORN.csv,2h,Orn,rep2
240423/240423_1445_yATP_B12_ORN.csv,2h,Orn,rep3
240418/240418_1350_yATP_A12_NSTARVE.csv,2h,None,rep2
240423/240423_1445_yATP_B2_NSTARVE.csv,2h,None,rep3
240418/240418_1550_yATP_D12_PRO.csv,4h,Pro,rep2
240423/240423_1645_yATP_C1_PRO.csv,4h,Pro,rep3
240418/240418_1550_yATP_D11_GLN.csv,4h,Gln,rep2
240423/240423_1645_yATP_C2_GLN.csv,4h,Gln,rep3
240418/240418_1550_yATP_D10_GLU.csv,4h,Glu,rep2
240423/240423_1645_yATP_C3_GLU.csv,4h,Glu,rep3
240418/240418_1550_yATP_D9_NH4.csv,4h,Nh4,rep2
240423/240423_1645_yATP_C4_NH4.csv,4h,Nh4,rep3
240418/240418_1550_yATP_D8_UREA.csv,4h,Urea,rep2
240423/240423_1645_yATP_C5_UREA.csv,4h,Urea,rep3
240418/240418_1550_yATP_D7_ALA.csv,4h,Ala,rep2
240423/240423_1645_yATP_C6_ALA.csv,4h,Ala,rep3
240418/240418_1550_yATP_D6_ASP.csv,4h,Asp,rep2
240423/240423_1645_yATP_C7_ASP.csv,4h,Asp,rep3
240418/240418_1550_yATP_D5_TRP.csv,4h,Trp,rep2
240423/240423_1645_yATP_C8_TRP.csv,4h,Trp,rep3
240418/240418_1550_yATP_D4_MET.csv,4h,Met,rep2
240423/240423_1645_yATP_C9_MET.csv,4h,Met,rep3
240418/240418_1550_yATP_D3_PHE.csv,4h,Phe,rep2
240423/240423_1645_yATP_C10_PHE.csv,4h,Phe,rep3
240418/240418_1550_yATP_D2_ARG.csv,4h,Arg,rep2
240423/240423_1645_yATP_C11_ARG.csv,4h,Arg,rep3
240418/240418_1550_yATP_D1_LYS.csv,4h,Lys,rep2
240423/240423_1645_yATP_C12_LYS.csv,4h,Lys,rep3
240423/240423_1645_yATP_D1_HIS.csv,4h,His,rep3
240418/240418_1550_yATP_C11_THR.csv,4h,Thr,rep2
240418/240418_1550_yATP_C10_GLY.csv,4h,Gly,rep2
240423/240423_1645_yATP_D3_GLY.csv,4h,Gly,rep3
240418/240418_1550_yATP_C9_VAL.csv,4h,Val,rep2
240423/240423_1645_yATP_D4_VAL.csv,4h,Val,rep3
240418/240418_1550_yATP_C8_LEU.csv,4h,Leu,rep2
240423/240423_1645_yATP_D5_LEU.csv,4h,Leu,rep3
240418/240418_1550_yATP_C7_CYS.csv,4h,Cys,rep2
240423/240423_1645_yATP_D6_CYS.csv,4h,Cys,rep3
240418/240418_1550_yATP_C6_ASN.csv,4h,Asn,rep2
240423/240423_1645_yATP_D7_ASN.csv,4h,Asn,rep3
240418/240418_1550_yATP_C5_ILE.csv,4h,Ile,rep2
240423/240423_1645_yATP_D8_ILE.csv,4h,Ile,rep3
240418/240418_1550_yATP_C4_TYR.csv,4h,Tyr,rep2
240423/240423_1645_yATP_D9_TYR.csv,4h,Tyr,rep3
240418/240418_1550_yATP_C3_SER.csv,4h,Ser,rep2
240423/240423_1645_yATP_D10_SER.csv,4h,Ser,rep3
240418/240418_1550_yATP_C2_GABA.csv,4h,Gaba,rep2
240423/240423_1645_yATP_D11_GABA.csv,4h,Gaba,rep3
240418/240418_1550_yATP_C1_ORN.csv,4h,Orn,rep2
240423/240423_1645_yATP_D12_ORN.csv,4h,Orn,rep3
240418/240418_1550_yATP_C12_NSTARVE.csv,4h,None,rep2
240423/240423_1645_yATP_D2_NSTARVE.csv,4h,None,rep3

